,"消費者物價基本分類指數"
,,,,,,,"指數基期：民國110年=100"
"統計期","總指數","一.食物類","二.衣著類","三.居住類","四.交通及通訊類","五.醫藥保健類","六.教養娛樂類","七.雜項類",
"70年","54.70","40.44","88.94","61.88","84.67","46.86","40.06","55.91",
"70年1月","52.95","38.52","87.99","60.38","82.33","46.11","38.74","55.64",
"70年2月","53.85","39.64","88.06","60.87","83.89","46.35","39.01","56.63",
"70年3月","54.09","39.66","88.19","61.49","84.72","46.67","39.38","56.11",
"70年4月","54.30","39.96","88.50","61.61","85.00","46.68","39.44","56.12",
"70年5月","54.09","39.51","88.67","61.74","85.08","46.73","39.45","56.00",
"70年6月","54.61","40.41","88.85","61.82","85.06","46.75","39.44","55.89",
"70年7月","54.82","40.74","88.94","61.89","85.06","47.15","39.46","55.59",
"70年8月","55.36","41.58","89.03","62.19","85.07","47.16","39.52","55.67",
"70年9月","56.02","42.24","89.36","62.50","85.10","47.16","41.50","55.88",
"70年10月","55.71","41.56","89.72","62.53","85.01","47.17","41.59","55.86",
"70年11月","55.34","40.78","89.85","62.80","84.96","47.16","41.62","55.73",
"70年12月","55.26","40.65","90.07","62.76","84.77","47.25","41.62","55.75",
"71年","56.32","42.11","90.51","63.47","85.00","47.34","42.17","55.85",
"71年1月","55.62","40.95","90.24","63.12","85.07","47.29","41.55","57.34",
"71年2月","55.44","40.80","90.27","63.17","84.77","47.32","41.60","55.72",
"71年3月","55.59","41.06","90.23","63.21","84.79","47.32","41.63","55.59",
"71年4月","55.73","41.28","90.34","63.24","84.79","47.32","41.64","55.65",
"71年5月","56.07","41.90","90.64","63.25","84.79","47.35","41.74","55.48",
"71年6月","56.18","42.11","90.64","63.29","84.88","47.40","41.75","55.34",
"71年7月","56.15","42.02","90.51","63.32","85.00","47.38","41.75","55.46",
"71年8月","57.85","45.08","90.50","63.43","85.04","47.39","41.79","55.58",
"71年9月","57.31","43.63","90.50","63.65","85.09","47.35","43.09","56.03",
"71年10月","56.85","42.72","90.67","63.78","85.20","47.33","43.17","55.97",
"71年11月","56.39","41.75","90.74","64.03","85.20","47.33","43.17","56.00",
"71年12月","56.60","42.06","90.78","64.18","85.32","47.34","43.16","56.09",
"72年","57.09","42.68","91.08","64.71","84.41","47.32","43.52","56.33",
"72年1月","56.62","41.91","90.76","64.58","85.41","47.32","43.16","56.23",
"72年2月","57.19","42.72","90.78","64.81","85.62","47.28","43.21","56.92",
"72年3月","57.43","43.34","90.78","64.70","85.06","47.27","43.30","56.24",
"72年4月","57.68","44.00","90.77","64.47","84.10","47.27","43.30","56.30",
"72年5月","57.28","43.19","90.77","64.54","84.07","47.26","43.32","56.40",
"72年6月","57.71","43.99","90.86","64.54","84.06","47.27","43.34","56.39",
"72年7月","57.06","42.75","90.88","64.61","84.02","47.27","43.34","56.39",
"72年8月","57.03","42.64","90.86","64.71","84.04","47.30","43.48","56.36",
"72年9月","57.21","42.84","91.04","64.77","84.08","47.24","43.91","56.33",
"72年10月","57.19","42.67","91.66","64.90","84.14","47.41","43.95","56.22",
"72年11月","56.71","41.75","91.90","64.92","84.14","47.43","43.95","56.08",
"72年12月","55.93","40.31","91.92","64.93","84.14","47.49","43.94","56.14",
"73年","57.07","41.72","92.79","65.21","85.59","48.91","44.68","56.79",
"73年1月","55.97","40.35","91.91","64.98","84.16","47.50","43.95","56.43",
"73年2月","56.54","41.16","91.74","65.05","84.60","47.50","44.00","57.53",
"73年3月","56.69","41.52","92.11","65.07","84.27","47.50","44.09","56.74",
"73年4月","56.80","41.65","92.35","65.10","84.92","47.49","44.09","56.74",
"73年5月","57.49","42.76","92.64","65.18","86.10","47.51","44.10","56.81",
"73年6月","57.44","42.62","92.78","65.21","86.07","47.58","44.10","56.94",
"73年7月","57.28","42.00","92.91","65.25","86.15","50.31","44.12","56.91",
"73年8月","57.49","42.36","92.93","65.27","86.02","50.35","44.24","56.79",
"73年9月","57.69","42.40","93.17","65.29","86.03","50.33","45.68","56.73",
"73年10月","57.46","41.86","93.47","65.34","86.21","50.28","45.98","56.65",
"73年11月","57.13","41.22","93.71","65.37","86.27","50.30","45.96","56.66",
"73年12月","56.85","40.73","93.74","65.42","86.30","50.31","45.82","56.55",
"74年","56.98","40.86","92.28","65.40","86.25","50.56","46.58","56.61",
"74年1月","56.88","40.74","93.61","65.58","86.25","50.31","45.79","56.40",
"74年2月","57.33","41.48","93.43","65.58","86.55","50.27","45.78","57.22",
"74年3月","57.36","41.65","92.64","65.60","86.26","50.28","45.89","56.50",
"74年4月","57.08","41.16","92.19","65.59","86.24","50.23","45.88","56.66",
"74年5月","56.90","40.94","92.49","65.25","86.24","50.23","45.92","56.62",
"74年6月","56.81","40.74","92.35","65.29","86.24","50.56","45.95","56.65",
"74年7月","56.87","40.81","92.19","65.32","86.24","50.92","45.93","56.60",
"74年8月","56.62","40.45","90.81","65.30","86.22","50.91","46.01","56.59",
"74年9月","57.56","41.83","90.58","65.27","86.21","50.77","47.83","56.54",
"74年10月","57.50","41.58","92.08","65.32","86.20","50.75","48.00","56.53",
"74年11月","56.70","40.03","92.63","65.32","86.15","50.79","48.02","56.49",
"74年12月","56.11","38.95","92.30","65.32","86.18","50.75","48.00","56.53",
"75年","57.38","41.80","89.15","65.25","83.12","50.76","48.24","56.44",
"75年1月","56.64","39.47","93.91","65.37","87.35","50.89","48.01","56.27",
"75年2月","56.80","39.84","91.32","65.52","87.03","50.83","48.13","56.86",
"75年3月","56.79","40.27","89.30","65.45","84.78","51.24","48.16","56.62",
"75年4月","56.93","40.72","88.06","65.45","84.43","50.94","48.29","56.43",
"75年5月","57.01","41.40","87.85","65.03","81.84","50.96","48.28","56.45",
"75年6月","57.15","41.67","88.00","65.05","81.79","50.77","48.26","56.66",
"75年7月","57.01","41.42","87.83","65.09","81.76","50.72","48.30","56.31",
"75年8月","57.32","42.13","87.13","65.12","81.63","50.70","48.31","56.16",
"75年9月","58.78","44.99","86.82","65.17","81.65","50.63","48.28","56.35",
"75年10月","58.65","44.62","88.23","65.21","81.70","50.52","48.29","56.50",
"75年11月","57.84","42.82","90.61","65.23","81.71","50.46","48.29","56.28",
"75年12月","57.58","42.27","90.71","65.28","81.72","50.44","48.32","56.38",
"76年","57.67","42.30","87.18","65.51","81.77","51.32","49.17","56.52",
"76年1月","57.43","41.85","89.07","65.27","81.76","51.86","48.24","56.99",
"76年2月","57.31","41.78","86.63","65.37","82.16","51.65","48.27","56.76",
"76年3月","56.86","41.12","84.93","65.30","81.92","51.57","48.22","56.55",
"76年4月","57.06","41.50","85.24","65.32","81.93","51.52","48.13","56.64",
"76年5月","57.07","41.37","86.96","65.32","81.90","51.48","47.86","57.28",
"76年6月","57.11","41.48","87.06","65.33","81.74","51.39","47.90","57.17",
"76年7月","57.77","42.89","86.90","65.34","81.80","51.23","47.82","56.73",
"76年8月","58.24","43.93","86.14","65.42","81.87","51.08","47.83","56.21",
"76年9月","58.45","43.59","85.76","65.54","81.88","50.93","51.35","55.93",
"76年10月","57.93","42.31","86.57","65.84","81.80","50.95","51.46","55.97",
"76年11月","58.09","42.32","89.51","66.08","81.52","51.05","51.49","55.99",
"76年12月","58.69","43.48","91.40","65.99","80.91","51.12","51.47","56.03",
"77年","58.41","42.90","89.43","65.91","80.81","51.04","52.01","56.78",
"77年1月","57.74","41.88","91.92","65.46","80.08","51.08","51.47","56.11",
"77年2月","57.51","41.46","89.50","65.51","80.30","50.98","51.44","57.04",
"77年3月","57.19","41.03","87.35","65.56","80.36","50.96","51.49","56.41",
"77年4月","57.26","41.10","87.34","65.60","80.12","51.12","51.42","56.93",
"77年5月","57.91","42.13","88.53","65.73","80.11","51.05","51.40","57.71",
"77年6月","58.26","42.84","88.86","65.79","80.01","51.06","51.40","57.52",
"77年7月","58.26","42.65","89.98","65.91","81.05","51.00","51.39","57.00",
"77年8月","59.09","44.36","88.70","66.04","81.18","51.04","51.30","56.69",
"77年9月","59.28","44.44","86.68","66.07","81.61","51.02","53.09","56.49",
"77年10月","59.70","45.03","89.52","66.18","81.33","51.02","53.28","56.42",
"77年11月","59.39","44.09","92.25","66.32","81.85","51.02","53.25","56.49",
"77年12月","59.34","43.78","92.49","66.69","81.76","51.15","53.24","56.58",
"78年","60.99","45.58","89.91","68.77","81.87","53.14","54.31","58.13",
"78年1月","59.34","43.31","92.31","67.60","81.87","51.47","53.21","56.71",
"78年2月","59.86","44.40","87.55","67.38","82.62","51.90","53.33","58.26",
"78年3月","60.01","44.67","87.54","67.46","82.38","52.82","53.31","57.78",
"78年4月","60.54","45.38","88.73","67.72","82.47","52.87","53.42","58.29",
"78年5月","60.99","45.98","89.55","68.14","82.29","52.87","53.37","58.78",
"78年6月","60.83","45.12","89.96","68.90","82.27","53.41","53.40","59.41",
"78年7月","60.54","44.56","88.98","69.31","81.57","53.61","53.39","58.98",
"78年8月","61.05","45.70","87.51","69.51","81.28","53.67","53.76","58.00",
"78年9月","62.65","48.26","87.24","69.84","81.40","53.72","56.16","57.65",
"78年10月","63.25","49.23","90.68","69.68","81.41","53.70","56.13","57.65",
"78年11月","61.62","45.64","95.03","69.69","81.40","53.62","56.17","57.89",
"78年12月","61.20","44.67","93.88","70.01","81.47","54.04","56.12","58.10",
"79年","63.51","47.19","90.07","72.65","83.88","54.82","58.49","59.58",
"79年1月","61.63","45.01","92.30","70.69","81.58","54.17","56.13","60.01",
"79年2月","61.54","45.02","88.47","70.77","81.83","54.21","56.91","59.09",
"79年3月","62.00","45.86","87.39","71.03","81.83","54.25","56.95","59.18",
"79年4月","62.61","46.80","88.53","71.29","81.85","54.30","57.01","59.57",
"79年5月","63.27","47.54","89.35","72.15","81.78","54.33","57.15","59.98",
"79年6月","63.03","46.74","89.70","72.68","81.69","54.32","57.10","60.50",
"79年7月","63.45","47.53","88.80","73.07","81.71","54.31","57.19","59.90",
"79年8月","64.50","49.38","87.53","73.53","82.53","54.50","57.72","59.19",
"79年9月","66.74","52.14","88.43","74.15","85.75","55.78","61.31","59.20",
"79年10月","65.30","48.76","91.04","74.01","88.34","55.88","61.39","59.37",
"79年11月","64.04","45.89","94.31","74.11","88.60","55.91","61.51","59.41",
"79年12月","63.99","45.60","94.94","74.28","89.05","55.92","61.50","59.60",
"80年","65.81","47.68","90.22","76.86","88.98","56.83","63.19","61.07",
"80年1月","64.70","46.32","96.06","74.66","88.26","56.01","62.08","60.69",
"80年2月","65.09","47.09","89.45","75.05","89.55","56.02","62.31","62.19",
"80年3月","64.77","46.42","87.60","75.49","89.49","56.02","62.36","61.26",
"80年4月","65.19","47.02","89.06","75.72","89.38","56.05","62.38","62.05",
"80年5月","65.41","46.97","89.50","76.28","89.39","56.03","62.44","62.89",
"80年6月","65.57","47.08","90.05","77.10","88.71","56.03","62.46","62.34",
"80年7月","66.02","48.26","89.41","77.48","88.82","56.07","62.51","61.00",
"80年8月","66.17","48.74","87.42","77.91","88.73","56.05","62.62","60.15",
"80年9月","66.27","48.20","87.00","78.29","89.01","56.15","64.74","59.94",
"80年10月","66.92","49.21","89.17","78.12","89.02","59.10","64.78","60.06",
"80年11月","67.12","49.26","93.69","78.03","88.94","59.14","64.79","60.10",
"80年12月","66.48","47.60","94.19","78.24","88.43","59.24","64.75","60.12",
"81年","68.75","51.66","91.69","79.54","87.96","59.95","67.01","62.12",
"81年1月","67.14","48.95","94.04","78.38","88.78","59.50","65.04","60.25",
"81年2月","67.73","50.26","88.53","78.43","88.63","59.62","65.76","62.78",
"81年3月","67.82","50.66","88.08","78.54","88.36","59.67","65.64","62.19",
"81年4月","68.92","52.52","92.38","78.89","88.20","59.73","65.74","63.19",
"81年5月","69.15","52.67","92.75","79.05","88.01","59.76","65.74","64.77",
"81年6月","68.96","51.74","93.88","79.93","87.89","59.80","65.78","63.81",
"81年7月","68.46","50.91","91.46","80.15","87.68","59.79","65.91","62.54",
"81年8月","68.15","50.50","88.70","80.30","87.50","59.93","66.25","61.40",
"81年9月","70.35","54.84","89.19","80.58","87.55","60.15","69.58","61.12",
"81年10月","70.32","54.67","93.08","80.01","87.63","60.50","69.58","60.98",
"81年11月","69.20","51.57","94.75","80.14","87.67","60.51","69.53","61.15",
"81年12月","68.75","50.59","93.41","80.13","87.66","60.49","69.51","61.31",
"82年","70.77","53.25","88.48","82.48","88.45","60.80","71.62","64.39",
"82年1月","69.59","51.47","87.96","80.68","88.27","60.55","69.81","67.23",
"82年2月","69.80","53.01","84.37","80.73","88.19","60.58","70.29","63.53",
"82年3月","70.02","53.45","82.49","81.11","88.21","60.50","70.01","64.43",
"82年4月","70.83","53.82","93.22","81.48","88.20","60.53","70.07","65.35",
"82年5月","70.59","52.81","92.46","81.76","88.23","60.54","70.14","66.62",
"82年6月","71.96","55.57","94.51","82.57","88.38","60.57","70.10","66.20",
"82年7月","70.71","52.86","91.49","82.86","88.50","60.65","70.18","64.85",
"82年8月","70.42","52.78","83.90","83.36","88.65","61.02","70.59","63.25",
"82年9月","70.87","52.75","82.16","83.96","88.76","61.08","74.45","62.75",
"82年10月","71.18","53.01","87.67","83.61","88.97","61.18","74.58","62.82",
"82年11月","71.34","52.96","91.51","83.78","88.64","61.19","74.57","62.79",
"82年12月","71.93","54.52","89.98","83.90","88.43","61.23","74.63","62.86",
"83年","73.67","56.68","87.76","85.91","88.66","61.94","75.82","66.19",
"83年1月","71.61","53.73","87.08","84.14","88.24","61.35","74.66","63.83",
"83年2月","72.54","54.55","83.03","84.80","88.52","61.39","75.00","70.40",
"83年3月","72.34","55.19","82.37","84.88","88.07","61.68","74.96","65.40",
"83年4月","73.00","55.51","89.04","85.05","88.33","61.73","75.05","67.22",
"83年5月","73.68","56.29","92.88","85.17","88.40","61.87","75.13","68.84",
"83年6月","73.49","55.30","95.01","85.97","88.55","61.95","75.07","67.80",
"83年7月","73.65","56.02","90.99","86.53","88.56","61.92","75.31","66.15",
"83年8月","75.38","61.04","84.18","86.80","88.84","62.04","75.60","64.98",
"83年9月","75.61","61.12","81.88","87.13","88.99","62.27","77.25","65.08",
"83年10月","74.79","58.89","86.58","86.66","89.06","62.29","77.28","64.77",
"83年11月","74.11","56.67","90.54","86.82","89.00","62.34","77.25","64.79",
"83年12月","73.84","55.84","89.50","86.99","89.37","62.39","77.27","65.02",
"84年","76.37","59.12","90.99","88.92","90.77","62.92","79.55","68.27",
"84年1月","75.36","58.28","86.75","87.64","89.58","62.39","77.27","71.01",
"84年2月","75.04","58.53","83.48","87.52","89.92","62.44","77.56","67.09",
"84年3月","75.14","58.47","82.51","87.89","89.86","62.78","77.68","67.74",
"84年4月","76.24","59.07","97.03","88.16","90.08","62.80","78.08","68.78",
"84年5月","76.10","58.22","97.14","88.40","90.23","62.81","78.32","69.91",
"84年6月","76.92","59.25","98.68","89.35","90.76","62.99","78.38","70.47",
"84年7月","76.47","59.03","92.49","89.58","91.26","63.11","78.50","67.92",
"84年8月","76.67","60.14","86.76","89.71","91.25","63.16","78.85","67.02",
"84年9月","77.13","60.21","85.47","90.01","91.05","63.17","82.24","67.79",
"84年10月","76.93","59.54","90.55","89.42","91.62","63.15","82.38","66.99",
"84年11月","77.24","59.45","95.51","89.65","91.80","63.17","82.70","67.16",
"84年12月","77.21","59.28","95.45","89.74","91.77","63.11","82.65","67.40",
"85年","78.72","61.38","93.21","90.78","91.83","63.99","85.37","69.21",
"85年1月","77.09","58.80","91.77","90.07","91.72","63.27","83.65","67.98",
"85年2月","77.85","59.42","85.63","90.56","91.87","63.87","84.35","74.34",
"85年3月","77.40","59.69","85.03","90.27","91.89","63.90","84.23","68.87",
"85年4月","78.39","60.85","96.05","90.30","91.93","63.90","84.24","69.26",
"85年5月","78.30","60.01","99.32","90.31","92.02","63.90","84.23","70.04",
"85年6月","78.76","60.56","99.41","91.11","92.07","63.91","84.41","70.56",
"85年7月","77.59","58.55","94.10","91.31","91.98","64.08","84.39","68.32",
"85年8月","80.54","66.46","88.74","91.39","91.85","64.09","84.82","67.63",
"85年9月","80.09","64.46","87.11","91.53","91.71","64.08","87.48","69.11",
"85年10月","79.77","63.42","94.88","90.83","91.59","64.22","87.53","68.09",
"85年11月","79.71","62.75","99.32","90.85","91.64","64.30","87.59","68.07",
"85年12月","79.16","61.62","97.15","90.78","91.66","64.34","87.54","68.25",
"86年","79.43","60.95","94.19","91.78","92.84","65.50","88.47","70.06",
"86年1月","78.61","60.28","92.55","91.07","92.63","64.38","87.56","68.65",
"86年2月","79.46","61.07","87.99","91.60","92.89","64.44","87.51","75.46",
"86年3月","78.25","59.77","87.32","91.27","92.66","64.49","87.40","69.03",
"86年4月","78.78","59.48","100.51","91.35","92.87","64.50","87.39","69.52",
"86年5月","78.89","59.12","99.81","91.61","92.89","65.95","87.44","70.80",
"86年6月","80.20","61.82","100.30","92.25","92.77","65.95","87.41","71.68",
"86年7月","80.16","62.85","92.53","92.18","93.09","65.93","87.41","69.92",
"86年8月","80.07","63.32","88.48","92.21","92.81","65.92","87.43","69.17",
"86年9月","80.60","63.46","88.97","92.40","92.91","65.91","90.46","69.74",
"86年10月","79.51","60.72","94.22","91.76","92.83","66.16","90.59","68.93",
"86年11月","79.30","59.61","99.86","91.77","92.72","66.18","90.50","68.96",
"86年12月","79.37","59.86","97.73","91.89","93.03","66.14","90.55","68.87",
"87年","80.77","63.63","88.99","92.80","91.93","66.09","91.33","71.15",
"87年1月","80.18","60.27","88.57","92.68","93.18","66.15","90.92","77.47",
"87年2月","79.69","61.99","83.66","92.20","93.16","66.13","90.64","69.79",
"87年3月","80.18","63.31","83.30","92.19","92.97","66.21","90.66","70.14",
"87年4月","80.45","62.51","94.48","92.53","92.41","66.09","90.57","70.63",
"87年5月","80.20","61.70","93.34","92.59","92.14","66.13","90.29","72.00",
"87年6月","81.36","64.44","93.53","93.42","92.15","66.20","90.58","70.92",
"87年7月","80.83","64.12","85.54","93.33","91.93","66.63","90.91","70.27",
"87年8月","80.43","63.80","81.54","93.26","91.68","65.88","90.91","70.07",
"87年9月","80.92","64.55","81.31","93.39","91.26","65.88","92.80","70.15",
"87年10月","81.56","65.74","88.48","92.72","90.98","65.91","92.60","71.52",
"87年11月","82.40","67.40","97.48","92.62","90.62","65.97","92.50","70.44",
"87年12月","81.05","63.73","96.63","92.61","90.72","65.92","92.63","70.42",
"88年","80.91","63.17","87.96","92.87","91.24","68.59","93.24","71.97",
"88年1月","80.50","63.27","87.63","92.71","90.39","65.97","92.61","70.73",
"88年2月","81.36","63.30","81.09","93.24","90.26","66.74","93.46","80.09",
"88年3月","79.81","62.07","79.94","92.61","90.14","66.73","92.44","72.08",
"88年4月","80.38","61.69","94.13","92.58","90.33","66.75","92.40","72.66",
"88年5月","80.60","62.38","92.97","92.57","90.82","66.78","92.47","72.31",
"88年6月","80.67","62.02","91.42","93.43","91.09","66.71","92.54","72.61",
"88年7月","80.16","61.78","84.25","93.38","91.44","66.90","92.89","70.73",
"88年8月","81.35","65.08","80.15","93.28","91.81","71.49","93.27","69.83",
"88年9月","81.39","64.57","79.62","93.33","92.05","71.26","94.35","71.02",
"88年10月","81.90","65.00","93.96","92.43","91.84","71.31","94.26","70.62",
"88年11月","81.66","64.07","96.25","92.43","92.12","71.28","94.03","70.58",
"88年12月","81.17","62.82","94.14","92.47","92.59","71.17","94.17","70.37",
"89年","81.92","63.42","88.43","93.24","94.18","71.41","96.06","72.64",
"89年1月","80.91","62.83","85.95","92.60","92.75","71.33","94.24","70.86",
"89年2月","82.11","63.24","81.91","93.32","92.99","71.35","95.31","80.39",
"89年3月","80.70","62.35","80.54","92.71","93.45","71.38","94.51","71.68",
"89年4月","81.37","62.00","95.68","92.89","93.93","71.36","94.55","71.94",
"89年5月","81.88","63.32","94.13","92.91","94.03","71.39","94.64","72.50",
"89年6月","81.77","62.40","91.97","93.78","94.19","71.41","95.04","73.06",
"89年7月","81.32","62.17","85.07","93.69","94.38","71.44","95.67","71.65",
"89年8月","81.57","63.52","81.21","93.74","94.08","71.43","95.66","71.21",
"89年9月","82.71","65.10","79.92","94.08","94.58","71.46","98.37","73.01",
"89年10月","82.73","64.13","94.95","93.17","95.14","71.51","98.33","71.78",
"89年11月","83.50","66.19","96.46","93.03","95.19","71.47","98.15","71.79",
"89年12月","82.50","63.76","93.40","93.00","95.44","71.40","98.21","71.83",
"90年","81.92","62.85","86.91","92.76","95.22","72.30","98.10","72.82",
"90年1月","82.82","62.50","83.89","93.57","96.80","71.42","98.88","80.61",
"90年2月","81.27","61.62","79.88","92.88","96.85","71.43","98.27","72.08",
"90年3月","81.05","61.05","79.88","92.79","96.83","71.45","97.95","72.60",
"90年4月","81.72","61.58","93.84","92.58","95.49","71.66","97.89","72.96",
"90年5月","81.70","61.66","93.35","92.54","95.33","71.62","97.75","73.17",
"90年6月","81.65","61.58","88.82","93.24","95.37","72.12","97.95","72.67",
"90年7月","81.40","61.75","83.42","93.15","94.95","73.08","98.37","71.79",
"90年8月","81.94","63.83","79.79","93.07","94.89","73.06","98.19","71.67",
"90年9月","82.29","65.12","78.25","93.02","94.65","72.97","98.18","71.61",
"90年10月","83.54","67.20","92.49","92.29","94.50","72.95","98.22","72.17",
"90年11月","82.55","64.64","96.34","92.04","94.10","72.99","97.79","71.38",
"90年12月","81.11","61.65","93.02","91.89","92.89","72.83","97.74","71.07",
"91年","81.76","62.74","87.39","91.65","93.11","73.24","98.20","76.04",
"91年1月","81.43","62.46","84.56","91.74","92.80","72.76","98.40","75.08",
"91年2月","82.42","62.80","79.79","92.30","93.24","72.84","98.64","84.24",
"91年3月","81.06","62.39","78.89","91.49","92.97","71.91","98.14","75.35",
"91年4月","81.89","62.54","94.40","91.44","93.37","71.98","98.15","75.76",
"91年5月","81.49","61.68","92.79","91.38","93.40","71.93","98.05","75.92",
"91年6月","81.74","62.10","90.38","92.17","92.51","71.90","98.20","76.70",
"91年7月","81.75","63.27","84.40","92.07","92.45","71.83","98.65","74.89",
"91年8月","81.72","63.82","80.52","92.01","92.67","71.87","98.40","74.63",
"91年9月","81.66","63.01","79.03","92.08","93.06","75.48","98.15","75.88",
"91年10月","82.12","63.13","95.05","91.16","93.50","75.55","98.16","74.64",
"91年11月","82.09","63.10","95.71","91.03","93.79","75.38","97.79","74.71",
"91年12月","81.74","62.57","93.15","90.94","93.61","75.46","97.72","74.73",
"92年","81.53","62.69","88.42","90.76","93.71","75.59","96.93","75.66",
"92年1月","82.31","63.56","84.63","91.00","94.18","75.38","97.71","80.46",
"92年2月","81.17","62.03","81.26","90.90","94.08","75.67","97.60","75.53",
"92年3月","80.91","61.16","80.89","90.83","94.92","75.59","97.61","75.32",
"92年4月","81.79","62.09","98.14","90.80","93.71","75.56","97.24","75.97",
"92年5月","81.75","62.79","95.79","90.61","93.36","75.68","96.15","76.35",
"92年6月","81.28","62.06","90.62","91.11","93.12","75.54","95.77","75.75",
"92年7月","80.94","61.86","84.38","91.05","93.29","75.39","96.30","74.72",
"92年8月","81.24","62.79","81.39","90.98","93.91","75.52","96.72","74.62",
"92年9月","81.49","63.23","80.85","91.00","93.86","75.64","97.05","75.45",
"92年10月","82.07","64.22","94.25","90.37","93.46","75.67","97.12","74.39",
"92年11月","81.71","63.13","95.73","90.29","93.32","75.67","96.96","74.48",
"92年12月","81.69","63.36","93.09","90.23","93.33","75.78","96.88","74.87",
"93年","82.84","65.34","91.20","90.57","95.70","77.06","97.04","76.46",
"93年1月","82.32","62.72","87.21","90.61","94.39","75.74","97.46","83.52",
"93年2月","81.69","63.61","83.79","90.25","94.97","76.63","96.73","75.88",
"93年3月","81.63","63.69","82.69","90.25","94.91","76.69","96.48","75.94",
"93年4月","82.57","63.98","100.17","90.28","95.64","76.85","96.79","75.95",
"93年5月","82.49","63.72","97.69","90.25","95.73","77.06","96.85","76.90",
"93年6月","82.69","63.85","94.36","90.87","95.72","77.38","97.09","77.75",
"93年7月","83.63","67.72","88.83","90.85","95.88","77.25","97.41","75.81",
"93年8月","83.31","67.25","85.56","90.89","96.00","77.39","97.34","75.07",
"93年9月","83.76","68.41","84.90","90.93","96.10","77.36","97.21","75.99",
"93年10月","84.03","68.35","97.12","90.50","96.39","77.30","97.10","75.01",
"93年11月","82.95","65.27","97.38","90.55","96.35","77.35","96.85","74.72",
"93年12月","83.01","65.47","94.74","90.62","96.34","77.69","97.13","74.95",
"94年","84.75","70.07","91.08","90.94","96.95","80.54","96.82","76.27",
"94年1月","82.72","65.20","89.34","90.54","96.23","77.59","97.50","75.18",
"94年2月","83.27","65.09","85.43","90.88","96.50","77.84","97.41","81.85",
"94年3月","83.51","68.02","84.67","90.61","96.89","78.43","96.62","75.34",
"94年4月","83.93","67.54","98.30","90.60","96.91","78.88","96.52","75.58",
"94年5月","84.39","68.83","98.76","90.69","96.76","78.90","96.29","76.02",
"94年6月","84.66","69.19","94.97","91.27","96.46","80.01","96.42","77.22",
"94年7月","85.65","72.85","88.59","91.28","96.96","81.17","96.73","75.66",
"94年8月","86.28","74.72","84.83","91.36","98.16","82.53","96.67","75.39",
"94年9月","86.41","74.76","83.83","91.37","98.28","82.54","96.89","76.39",
"94年10月","86.34","74.16","95.23","90.85","97.17","82.82","96.98","75.44",
"94年11月","85.03","70.39","96.24","90.90","96.61","82.78","96.88","75.35",
"94年12月","84.84","70.14","92.77","90.92","96.52","82.98","96.87","75.81",
"95年","85.26","69.63","87.82","91.74","98.65","83.51","96.98","79.14",
"95年1月","84.94","69.01","86.03","91.12","96.68","83.06","97.15","82.65",
"95年2月","84.09","68.20","81.76","91.12","97.35","83.16","97.24","77.46",
"95年3月","83.86","67.46","80.40","91.16","97.37","83.22","96.88","78.56",
"95年4月","84.96","68.64","94.40","91.17","97.77","83.44","96.84","79.48",
"95年5月","85.73","70.21","93.29","91.25","99.07","83.46","96.84","80.95",
"95年6月","86.13","71.55","90.20","91.88","99.08","83.55","97.04","79.41",
"95年7月","86.32","72.09","86.27","92.23","100.10","83.51","97.20","78.81",
"95年8月","85.80","70.96","82.24","92.42","100.34","83.48","97.24","78.25",
"95年9月","85.33","69.93","80.46","92.63","99.71","83.55","96.83","78.51",
"95年10月","85.31","69.36","91.16","91.92","98.74","83.88","96.86","78.65",
"95年11月","85.24","68.84","95.16","91.92","98.36","83.89","96.83","78.39",
"95年12月","85.42","69.25","92.42","92.05","99.26","83.96","96.84","78.54",
"96年","86.79","71.61","90.24","92.64","100.41","87.17","97.57","80.45",
"96年1月","85.24","69.46","87.95","92.08","98.22","83.91","96.82","79.01",
"96年2月","85.56","68.08","83.91","92.13","98.93","84.04","98.80","85.50",
"96年3月","84.56","67.63","80.56","92.09","99.07","84.99","97.14","79.83",
"96年4月","85.54","68.21","95.45","92.10","99.67","86.17","97.19","80.43",
"96年5月","85.71","68.51","95.15","92.19","99.64","88.07","97.17","80.39",
"96年6月","86.24","69.40","92.35","93.13","99.97","87.90","97.49","80.49",
"96年7月","86.04","68.81","88.57","93.20","101.17","88.22","98.03","79.64",
"96年8月","87.18","72.60","85.15","93.27","101.11","88.46","97.88","79.73",
"96年9月","87.99","75.33","83.24","93.33","100.44","88.64","97.49","80.43",
"96年10月","89.86","79.43","96.67","92.66","101.66","88.70","97.67","79.96",
"96年11月","89.33","77.47","97.79","92.70","102.50","88.55","97.55","79.97",
"96年12月","88.26","74.41","96.04","92.78","102.58","88.36","97.66","80.06",
"97年","89.86","77.73","91.14","94.06","102.79","89.24","98.85","81.65",
"97年1月","87.75","73.09","90.24","92.81","102.64","88.60","98.11","80.17",
"97年2月","88.87","74.68","85.30","93.32","103.10","88.66","99.66","84.62",
"97年3月","87.91","73.93","83.57","93.11","102.86","88.97","97.62","81.23",
"97年4月","88.86","74.83","96.42","93.21","103.60","89.12","98.05","81.56",
"97年5月","88.90","74.88","96.99","93.32","103.60","89.17","98.09","81.25",
"97年6月","90.53","77.64","93.69","94.75","106.46","89.14","98.69","82.04",
"97年7月","91.04","78.17","89.45","95.07","108.12","89.25","100.12","81.80",
"97年8月","91.27","80.02","85.34","95.13","106.59","89.49","100.06","81.19",
"97年9月","90.72","79.58","83.56","95.23","103.95","89.57","99.29","81.96",
"97年10月","92.00","83.83","97.25","94.68","100.91","89.53","99.36","81.25",
"97年11月","91.05","82.83","98.12","94.36","96.77","89.67","98.77","81.19",
"97年12月","89.38","79.32","93.77","93.76","94.89","89.66","98.42","81.55",
"98年","89.07","77.39","90.49","93.75","98.68","89.76","97.09","83.59",
"98年1月","89.04","76.96","88.12","93.82","95.93","89.30","99.61","85.19",
"98年2月","87.68","75.24","83.74","93.54","95.78","89.51","97.56","82.13",
"98年3月","87.78","75.75","81.98","93.51","96.08","89.50","97.30","82.24",
"98年4月","88.45","75.95","95.44","93.37","97.35","89.56","97.35","82.26",
"98年5月","88.82","77.14","95.43","93.32","98.05","89.44","96.89","82.23",
"98年6月","88.73","75.87","92.00","94.33","99.29","90.16","96.61","82.82",
"98年7月","88.91","76.11","88.27","94.45","99.27","90.29","97.59","83.40",
"98年8月","90.52","81.12","84.74","94.47","99.94","90.14","97.43","84.19",
"98年9月","89.91","80.59","82.87","93.51","99.77","89.99","96.53","84.74",
"98年10月","90.26","80.02","98.93","93.52","100.11","89.71","96.29","84.43",
"98年11月","89.59","77.45","98.69","93.59","101.42","89.69","96.03","84.53",
"98年12月","89.16","76.53","95.69","93.53","101.21","89.82","95.87","84.93",
"99年","89.93","77.87","92.02","94.18","101.51","90.32","97.04","85.79",
"99年1月","89.27","76.80","91.06","93.65","102.52","89.86","96.06","84.55",
"99年2月","89.74","76.44","86.52","93.97","101.81","89.82","98.36","89.34",
"99年3月","88.89","76.43","84.13","93.76","101.50","90.00","96.13","85.26",
"99年4月","89.64","76.95","96.00","93.82","101.79","90.27","96.48","85.91",
"99年5月","89.49","76.86","95.99","93.84","101.77","90.22","96.43","84.66",
"99年6月","89.80","77.13","93.44","94.84","100.92","90.13","96.40","86.53",
"99年7月","90.08","77.78","90.34","94.83","100.79","89.97","98.11","85.92",
"99年8月","90.09","78.44","86.83","94.75","100.96","90.10","97.71","85.66",
"99年9月","90.18","78.96","85.36","94.86","100.65","90.78","97.32","85.85",
"99年10月","90.78","80.21","97.78","93.86","101.39","90.76","97.38","84.72",
"99年11月","90.95","80.26","99.80","93.90","101.83","90.83","97.13","85.54",
"99年12月","90.26","78.19","96.97","94.10","102.13","91.15","96.99","85.57",
"100年","91.21","79.63","94.66","94.99","102.97","92.14","97.55","86.88",
"100年1月","90.25","78.35","91.82","94.07","103.05","91.18","97.43","84.88",
"100年2月","90.93","78.51","88.33","94.45","103.30","91.32","98.51","90.33",
"100年3月","90.13","77.86","86.13","94.30","104.14","91.64","96.92","86.19",
"100年4月","90.80","78.38","97.94","94.43","104.20","92.10","97.00","86.50",
"100年5月","90.98","79.01","98.86","94.54","103.87","92.17","96.70","86.36",
"100年6月","91.54","79.70","96.19","95.67","103.60","92.38","97.26","87.37",
"100年7月","91.27","79.07","92.97","95.76","102.47","92.35","98.75","86.62",
"100年8月","91.30","79.68","88.71","95.85","102.34","92.47","98.39","86.80",
"100年9月","91.42","80.44","86.57","95.91","102.39","92.57","97.65","87.31",
"100年10月","91.91","81.03","104.91","94.94","102.18","92.46","97.63","86.50",
"100年11月","91.89","81.15","103.30","95.00","102.20","92.57","97.20","86.93",
"100年12月","92.09","82.40","100.22","94.98","101.85","92.47","97.14","86.71",
"101年","92.97","82.94","97.04","96.09","103.42","92.82","98.21","88.75",
"101年1月","92.38","81.90","93.61","95.24","102.06","92.50","98.04","92.03",
"101年2月","91.15","80.17","89.79","95.14","102.13","92.29","97.11","87.66",
"101年3月","91.27","80.27","87.88","95.33","102.33","92.44","97.54","87.64",
"101年4月","92.11","80.03","103.52","95.31","104.33","92.70","97.90","88.56",
"101年5月","92.57","81.98","101.39","95.32","103.37","92.61","98.18","88.29",
"101年6月","93.16","83.22","98.18","96.70","102.22","92.88","98.46","88.93",
"101年7月","93.52","84.05","94.21","96.87","102.58","92.82","99.61","88.51",
"101年8月","94.43","86.61","91.17","97.07","104.29","92.81","99.30","88.38",
"101年9月","94.12","85.70","89.84","97.30","104.75","92.83","98.43","88.98",
"101年10月","94.05","84.46","107.84","96.27","104.74","93.10","98.54","88.17",
"101年11月","93.35","83.00","105.05","96.24","104.12","93.25","97.75","88.72",
"101年12月","93.58","83.93","101.99","96.26","104.15","93.63","97.64","89.09",
"102年","93.71","83.99","96.86","96.96","103.88","93.78","98.53","89.20",
"102年1月","93.41","83.84","96.94","96.23","104.42","93.24","97.98","88.84",
"102年2月","93.85","82.51","93.12","96.39","105.71","93.42","100.80","92.62",
"102年3月","92.50","81.26","91.63","96.48","104.52","93.74","97.59","88.81",
"102年4月","93.08","81.89","101.47","96.48","103.95","93.66","98.16","89.10",
"102年5月","93.25","83.20","100.03","96.48","103.52","93.78","97.77","88.62",
"102年6月","93.72","83.60","97.88","97.54","103.52","93.96","98.26","89.38",
"102年7月","93.58","82.98","94.90","97.59","103.23","93.97","99.70","88.74",
"102年8月","93.69","83.66","91.21","97.66","103.66","94.00","99.38","88.99",
"102年9月","94.92","87.73","89.92","97.80","104.12","93.98","99.17","89.33",
"102年10月","94.66","86.93","103.89","96.85","103.47","93.69","98.53","88.28",
"102年11月","93.98","85.24","102.09","96.99","103.10","93.90","97.70","88.52",
"102年12月","93.89","85.06","99.25","97.07","103.39","94.06","97.37","89.19",
"103年","94.83","87.14","98.10","97.82","102.64","94.39","98.46","90.38",
"103年1月","94.18","84.67","95.81","96.98","103.47","93.92","98.66","93.44",
"103年2月","93.81","84.64","92.52","97.07","103.48","94.18","98.76","89.85",
"103年3月","93.99","85.86","90.67","97.18","103.61","94.38","97.51","90.16",
"103年4月","94.62","86.11","103.02","97.21","103.35","94.49","98.26","90.41",
"103年5月","94.76","86.79","101.92","97.21","103.39","94.33","98.28","90.22",
"103年6月","95.25","86.78","100.04","98.67","103.72","94.60","98.79","90.75",
"103年7月","95.22","86.53","97.31","98.75","103.89","94.58","99.76","90.10",
"103年8月","95.64","88.35","93.69","99.09","103.60","94.49","99.62","89.97",
"103年9月","95.59","88.97","92.80","99.12","102.72","94.65","98.73","90.56",
"103年10月","95.66","89.83","105.84","97.68","101.69","94.30","98.46","89.53",
"103年11月","94.78","88.35","103.11","97.57","100.45","94.44","97.38","89.75",
"103年12月","94.46","88.74","100.46","97.34","98.30","94.34","97.36","89.86",
"104年","94.54","89.86","97.55","96.71","96.65","94.67","98.44","90.63",
"104年1月","93.30","88.45","96.92","94.87","96.10","94.45","97.16","89.99",
"104年2月","93.62","87.26","93.09","95.02","96.74","94.38","99.52","94.09",
"104年3月","93.41","87.09","91.38","96.76","97.00","94.62","97.52","90.41",
"104年4月","93.84","87.39","102.44","96.16","97.18","94.44","98.10","90.41",
"104年5月","94.07","87.56","100.76","96.50","98.32","94.36","98.07","90.44",
"104年6月","94.72","88.41","98.48","97.88","98.07","94.57","98.77","90.82",
"104年7月","94.62","88.06","95.68","98.03","97.67","94.71","99.86","90.14",
"104年8月","95.21","91.06","93.09","98.00","96.58","94.70","99.67","90.23",
"104年9月","95.87","94.21","92.21","97.95","95.86","94.98","98.67","90.57",
"104年10月","95.95","94.42","104.61","96.38","96.38","94.89","98.66","89.53",
"104年11月","95.29","92.99","102.35","96.49","95.51","94.84","97.74","90.33",
"104年12月","94.58","91.40","99.60","96.51","94.42","95.06","97.53","90.65",
"105年","95.86","94.56","97.75","96.48","95.57","95.49","98.53","91.89",
"105年1月","94.05","90.86","95.37","96.37","93.26","95.00","97.55","90.20",
"105年2月","95.88","94.65","92.33","96.37","93.55","95.02","100.12","95.18",
"105年3月","95.29","94.61","91.41","96.40","94.47","95.26","97.65","91.36",
"105年4月","95.60","94.35","102.61","95.70","94.86","95.64","98.27","91.41",
"105年5月","95.23","92.66","100.79","95.71","96.12","95.44","98.20","91.91",
"105年6月","95.57","92.44","98.43","97.15","96.64","95.49","98.24","92.30",
"105年7月","95.79","92.92","96.02","97.21","96.42","95.42","99.66","91.74",
"105年8月","95.75","93.44","94.12","97.21","95.96","95.65","99.35","91.62",
"105年9月","96.19","95.03","93.44","97.28","96.07","95.56","98.78","92.31",
"105年10月","97.58","99.36","105.49","96.08","96.68","95.68","98.84","91.36",
"105年11月","97.17","98.95","102.73","96.13","95.98","95.86","97.89","91.59",
"105年12月","96.18","95.47","100.21","96.13","96.87","95.89","97.79","91.72",
"106年","96.45","94.21","97.51","97.31","97.31","97.12","98.82","93.64",
"106年1月","96.16","93.56","95.52","96.38","97.65","95.93","99.32","95.43",
"106年2月","95.82","93.93","92.57","96.43","97.48","96.28","98.64","92.26",
"106年3月","95.46","92.98","91.77","96.59","97.17","96.63","98.10","92.52",
"106年4月","95.69","92.08","101.78","96.62","97.10","97.04","98.51","93.20",
"106年5月","95.80","92.62","100.54","96.65","96.69","97.35","98.48","93.56",
"106年6月","96.53","94.47","98.77","98.07","96.23","97.40","98.76","92.33",
"106年7月","96.53","94.06","95.98","98.08","96.52","97.40","99.97","92.26",
"106年8月","96.67","94.69","92.92","98.27","96.94","97.46","99.71","92.25",
"106年9月","96.66","94.83","92.26","98.46","97.16","97.56","98.64","93.07",
"106年10月","97.26","95.51","104.95","97.32","97.79","97.43","98.96","94.35",
"106年11月","97.50","96.30","102.61","97.41","98.43","97.45","98.22","95.56",
"106年12月","97.35","95.53","100.47","97.40","98.51","97.56","98.48","96.87",
"107年","97.76","95.15","97.79","98.20","99.51","98.15","99.04","98.08",
"107年1月","97.02","94.33","97.31","97.38","99.26","97.63","97.88","97.34",
"107年2月","97.93","94.84","94.25","97.46","99.68","97.90","100.44","100.50",
"107年3月","96.98","94.20","93.39","97.52","98.99","97.89","98.42","97.99",
"107年4月","97.61","94.57","101.83","97.59","99.32","98.08","98.74","98.28",
"107年5月","97.48","94.27","100.02","97.76","99.19","97.63","98.67","98.45",
"107年6月","97.88","94.35","98.41","98.98","99.56","98.14","99.26","98.61",
"107年7月","98.22","94.91","96.24","99.00","100.73","98.50","100.46","98.14",
"107年8月","98.16","95.41","94.25","99.08","100.66","98.56","100.27","97.60",
"107年9月","98.32","97.18","93.97","99.21","99.95","98.47","98.94","97.79",
"107年10月","98.39","96.93","103.05","98.17","100.22","98.38","99.06","97.10",
"107年11月","97.78","95.85","101.48","98.14","99.07","98.32","98.10","97.39",
"107年12月","97.29","94.93","99.28","98.10","97.50","98.24","98.29","97.78",
"108年","98.30","96.96","97.08","98.81","98.07","98.98","99.78","98.65",
"108年1月","97.19","95.09","95.73","98.02","97.69","98.51","98.24","97.83",
"108年2月","98.14","95.65","92.97","98.29","98.26","98.61","100.52","100.91",
"108年3月","97.52","95.57","92.79","98.40","98.25","98.92","98.65","98.52",
"108年4月","98.25","95.85","99.90","98.50","99.09","98.72","99.93","98.61",
"108年5月","98.39","96.70","98.98","98.63","99.07","98.54","99.67","98.54",
"108年6月","98.71","97.50","97.02","99.62","98.37","98.85","100.16","98.67",
"108年7月","98.60","96.50","95.07","99.55","99.37","99.06","101.13","98.25",
"108年8月","98.58","97.65","93.49","99.54","98.20","99.35","100.62","98.37",
"108年9月","98.73","99.08","93.10","99.57","97.23","99.36","99.82","98.90",
"108年10月","98.75","98.52","104.15","98.50","97.03","99.15","99.97","98.24",
"108年11月","98.35","97.64","101.73","98.49","96.95","99.39","99.29","98.37",
"108年12月","98.41","97.76","99.99","98.56","97.27","99.25","99.38","98.61",
"109年","98.07","97.61","98.26","99.09","94.27","99.77","98.81","99.61",
"109年1月","99.00","97.54","96.87","98.76","98.11","99.46","101.19","101.09",
"109年2月","97.94","97.35","94.81","98.76","96.02","99.35","99.02","99.11",
"109年3月","97.50","97.12","93.76","98.82","94.02","99.65","98.28","99.28",
"109年4月","97.30","97.07","101.59","98.63","90.63","99.64","98.13","99.20",
"109年5月","97.20","97.00","99.74","98.63","90.62","99.59","97.92","99.39",
"109年6月","97.98","97.46","98.50","99.74","92.81","100.09","98.60","99.71",
"109年7月","98.10","97.26","96.66","99.69","94.30","99.94","99.06","99.75",
"109年8月","98.25","97.82","95.14","99.76","94.52","100.09","99.21","99.86",
"109年9月","98.16","98.36","94.47","99.76","93.99","100.01","98.40","99.80",
"109年10月","98.49","98.24","104.17","98.78","94.71","99.75","98.91","99.43",
"109年11月","98.44","98.03","102.23","98.83","95.50","99.88","98.54","99.44",
"109年12月","98.45","98.07","101.19","98.94","96.04","99.80","98.44","99.30",
"110年","100.00","100.00","100.00","100.00","100.00","100.00","100.00","100.00",
"110年1月","98.81","98.72","98.83","99.04","97.57","99.93","98.48","99.68",
"110年2月","99.29","97.74","96.15","99.38","98.29","99.83","100.92","101.93",
"110年3月","98.69","97.62","95.61","99.52","98.55","100.08","98.97","99.73",
"110年4月","99.35","97.68","102.98","99.52","99.19","100.04","99.87","100.05",
"110年5月","99.58","98.62","102.36","99.57","99.28","99.75","99.59","100.38",
"110年6月","99.77","99.58","100.84","99.64","99.97","99.55","99.57","99.92",
"110年7月","99.97","99.64","98.64","100.21","100.83","99.77","99.87","99.90",
"110年8月","100.55","101.57","97.08","100.99","100.64","100.25","100.30","99.75",
"110年9月","100.71","101.84","95.99","101.04","100.76","100.22","101.20","99.70",
"110年10月","101.00","102.14","105.09","100.21","101.55","99.90","100.61","99.17",
"110年11月","101.24","102.63","103.72","100.41","102.42","100.16","100.13","99.64",
"110年12月","101.04","102.23","102.73","100.46","100.95","100.51","100.48","100.15",
"111年","102.95","105.66","102.38","102.26","103.46","101.22","101.18","101.37",
"111年1月","101.61","102.39","100.13","100.74","102.68","100.32","100.52","102.41",
"111年2月","101.60","102.90","98.75","100.76","103.16","100.48","101.50","100.83",
"111年3月","101.92","103.37","98.31","101.07","104.39","100.91","100.52","101.36",
"111年4月","102.70","104.43","105.89","101.30","104.16","100.92","101.04","101.54",
"111年5月","102.96","105.92","105.02","101.57","103.84","100.97","100.60","101.32",
"111年6月","103.35","106.85","103.14","102.98","103.52","101.17","100.62","101.17",
"111年7月","103.32","106.80","101.65","103.25","103.80","101.40","100.75","100.72",
"111年8月","103.24","106.50","100.12","103.48","103.56","101.47","100.60","101.12",
"111年9月","103.49","107.23","99.42","103.63","103.01","101.58","101.24","101.54",
"111年10月","103.77","107.42","107.05","102.64","103.12","101.84","101.86","101.35",
"111年11月","103.62","106.84","105.54","102.76","103.11","101.61","102.18","101.42",
"111年12月","103.78","107.27","103.55","102.88","103.14","101.93","102.78","101.69",
"112年","105.51","109.92","103.23","104.35","104.26","103.44","104.33","103.84",
"112年1月","104.71","107.81","101.11","103.23","103.87","101.98","105.02","105.05",
"112年2月","104.06","107.34","99.96","103.22","103.73","102.38","103.60","102.88",
"112年3月","104.32","108.41","99.53","103.38","103.56","102.46","103.32","103.03",
"112年4月","105.11","108.82","105.16","103.66","104.14","102.77","104.36","103.72",
"112年5月","105.04","109.07","104.29","103.74","103.73","102.93","103.63","104.05",
"112年6月","105.16","108.33","103.08","105.03","103.86","102.93","104.12","103.95",
"112年7月","105.26","108.17","102.78","105.18","104.34","103.88","104.43","103.69",
"112年8月","105.85","110.17","101.16","105.32","105.37","103.83","104.32","103.67",
"112年9月","106.52","112.36","100.55","105.51","105.36","104.29","104.19","104.30",
"112年10月","106.92","113.34","108.80","104.54","104.80","104.44","104.99","103.66",
"112年11月","106.62","112.87","106.56","104.66","104.28","104.66","104.70","103.78",
"112年12月","106.58","112.33","105.79","104.75","104.08","104.73","105.23","104.32",
"113年1月","106.59","112.24","103.59","105.03","104.43","105.13","104.96","104.75",
"113年2月","107.26","112.16","101.77","105.29","104.89","105.66","107.47","107.18",
"113年3月","106.56","111.51","101.11","105.38","104.90","105.73","105.28","105.40",
"113年4月","107.15","111.63","104.88","105.82","104.86","106.39","106.00","106.33",
"113年5月","107.38","112.78","104.06","106.14","104.67","106.48","105.25","106.58",
"113年6月","107.71","112.83","103.50","107.42","104.81","106.82","105.85","106.11",
"113年7月","107.92","113.13","102.82","107.61","105.26","107.28","106.38","105.87",
"113年8月","108.35","115.28","100.88","107.71","105.37","107.13","106.19","105.69",

註解：
 由於受查者延誤或更正報價，最近3個月資料均可能修正。
 
  
